,City,Cloudiness,Country,Date,Humidity,Lat,Lng,Max Temp,Wind Speed
0,Mahébourg,75,MU,1614818133,94,-20.4081,57.7,24.0,1.03
1,Arraial do Cabo,0,BR,1614818037,83,-22.9661,-42.0278,25.0,6.17
2,Ogaminana,68,NG,1614818134,75,7.5946,6.2248,24.36,2.19
3,Hilo,1,US,1614817993,44,19.7297,-155.09,26.0,5.14
4,Coquimbo,75,CL,1614817998,88,-29.9533,-71.3436,17.0,3.6
5,Hong Kong,82,HK,1614818069,85,22.2855,114.1577,18.89,5.18
6,Caravelas,8,BR,1614818135,87,-17.7125,-39.2481,23.98,2.16
7,Manaure,10,CO,1614818135,73,11.7751,-72.4445,25.61,8.44
8,Khanbari,0,NP,1614818135,38,27.3747,87.2039,12.41,1.74
9,Sept-Îles,20,CA,1614818135,52,50.2001,-66.3821,-11.0,4.12
10,Tucuruí,100,BR,1614817984,92,-3.7661,-49.6725,24.09,0.85
11,Cidreira,100,BR,1614818135,88,-30.1811,-50.2056,24.03,1.8
12,Punta Arenas,0,CL,1614818135,62,-53.15,-70.9167,12.0,6.69
13,Bosaso,56,SO,1614818135,84,11.2842,49.1816,23.48,1.54
14,Olafsvik,100,IS,1614818136,91,64.8945,-23.7142,4.79,7.74
15,Laas,0,IT,1614818136,74,46.6166,10.7002,5.0,2.57
16,Dikson,71,RU,1614817989,78,73.5069,80.5464,-31.69,4.54
17,Naze,75,JP,1614818059,55,28.3667,129.4833,19.0,6.17
18,Doclin,0,RO,1614818137,86,45.2969,21.6539,-3.0,1.03
19,Boguchany,100,RU,1614818137,84,58.3814,97.4531,-29.22,1.74
20,Tabat,100,ID,1614818137,70,-2.635,115.2274,28.24,0.41
21,Buala,99,SB,1614818137,81,-8.145,159.5921,27.16,3.98
22,Hithadhoo,25,MV,1614818138,60,-0.6,73.0833,28.3,4.06
23,Itaituba,75,BR,1614818138,100,-4.2761,-55.9836,23.0,0.59
24,Río Gallegos,20,AR,1614818138,76,-51.6226,-69.2181,12.0,8.75
25,Mazagão,75,BR,1614818138,89,-0.115,-51.2894,27.0,2.06
26,College,90,US,1614818138,78,64.8569,-147.8028,-16.11,1.35
27,Ribeira Grande,100,PT,1614818139,91,38.5167,-28.7,16.51,8.05
28,Mataura,60,NZ,1614818139,54,-46.1927,168.8643,16.67,2.24
29,Sur,0,OM,1614818139,48,22.5667,59.5289,24.19,1.61
30,Tefé,94,BR,1614818105,97,-3.3542,-64.7114,22.73,1.03
31,Hobart,75,AU,1614818030,37,-42.8794,147.3294,22.0,11.32
32,Saldanha,0,ZA,1614818053,88,-33.0117,17.9442,18.0,3.09
33,Watertown,90,US,1614818139,52,42.3709,-71.1828,7.0,3.6
34,Hasaki,75,JP,1614818140,61,35.7333,140.8333,8.0,3.6
35,Dryden,1,CA,1614818140,46,49.7833,-92.7503,-3.0,1.03
36,Hambantota,1,LK,1614818140,100,6.1241,81.1185,21.0,1.54
37,Viranşehir,27,TR,1614818140,65,37.2353,39.7631,9.32,6.48
38,Ushuaia,20,AR,1614818140,54,-54.8,-68.3,12.0,2.23
39,Severo-Kuril'sk,95,RU,1614817934,92,50.6789,156.125,-6.15,14.33
40,Cairns,40,AU,1614818141,62,-16.9167,145.7667,31.67,3.6
41,Mar del Plata,40,AR,1614818141,94,-38.0023,-57.5575,22.22,4.63
42,Rikitea,64,PF,1614818011,80,-23.1203,-134.9692,26.85,3.72
43,Ponta do Sol,40,PT,1614818045,68,32.6667,-17.1,15.0,0.45
44,Ulladulla,20,AU,1614818142,53,-35.35,150.4667,22.22,4.12
45,Werota,25,ET,1614818142,58,11.9167,37.7,19.12,0.46
46,Bluff,13,NZ,1614818143,54,-46.6,168.3333,16.67,2.24
47,Bredasdorp,44,ZA,1614818143,94,-34.5322,20.0403,19.0,1.03
48,Cherskiy,100,RU,1614817992,92,68.75,161.3,-20.84,5.23
49,Avarua,100,CK,1614818143,79,-21.2078,-159.775,29.0,2.57
50,Krasnosel'kup,100,RU,1614818143,93,65.7,82.4667,-16.72,9.2
51,Sittwe,55,MM,1614818144,91,20.15,92.9,21.05,2.53
52,Busselton,92,AU,1614818144,90,-33.65,115.3333,20.0,4.34
53,Carnarvon,60,AU,1614818144,100,-24.8667,113.6333,23.0,2.57
54,Upernavik,100,GL,1614818145,92,72.7868,-56.1549,-17.71,7.47
55,Levelland,20,US,1614818121,6,33.5873,-102.378,23.0,6.17
56,Tasiilaq,90,GL,1614818145,37,65.6145,-37.6368,0.0,3.09
57,Ancud,75,CL,1614818145,72,-41.8697,-73.8203,16.67,2.06
58,Chui,100,UY,1614818021,85,-33.6971,-53.4616,22.94,4.95
59,Atuona,18,PF,1614818145,70,-9.8,-139.0333,26.58,3.38
60,Sciacca,20,IT,1614818146,91,37.5082,13.0881,7.78,0.45
61,Port Alfred,90,ZA,1614818032,93,-33.5906,26.891,20.56,0.45
62,Auce,90,LV,1614818146,93,56.4598,22.9017,0.0,4.12
63,Faanui,100,PF,1614818146,67,-16.4833,-151.75,28.73,2.11
64,Marawi,0,PH,1614818146,78,7.9986,124.2928,26.11,2.68
65,Lüderitz,0,NA,1614818146,62,-26.6481,15.1594,20.49,5.76
66,Pilar,20,BR,1614817932,88,-9.5972,-35.9567,24.0,2.06
67,Kahului,40,US,1614818147,57,20.8947,-156.47,25.0,6.17
68,Shelbyville,1,US,1614818147,50,35.4834,-86.4603,11.0,1.05
69,Puerto Ayora,65,EC,1614817874,92,-0.7393,-90.3518,26.11,1.44
70,Argalastí,0,GR,1614818148,75,39.2333,23.2167,6.67,1.19
71,Bud,1,US,1614818148,47,39.447,-86.1758,13.0,4.12
72,Charters Towers,100,AU,1614818148,54,-20.1,146.2667,29.24,8.0
73,Pacific Grove,1,US,1614818148,63,36.6177,-121.9166,15.0,6.69
74,Seminole,20,US,1614817980,77,28.7086,-81.2081,17.78,6.17
75,Calvinia,0,ZA,1614818148,51,-31.4707,19.776,16.96,2.42
76,Longyearbyen,0,SJ,1614818149,61,78.2186,15.6401,-14.0,3.6
77,Thompson,40,CA,1614818019,68,55.7435,-97.8558,-7.0,1.54
78,Provideniya,0,RU,1614818149,71,64.3833,-173.3,-20.0,3.0
79,Katsuura,20,JP,1614818149,53,35.1333,140.3,10.56,3.09
80,Phonhong,75,LA,1614818150,100,18.5007,102.4166,21.0,2.06
81,Buckeye,20,US,1614818035,20,33.3703,-112.5838,22.0,12.35
82,Jamestown,40,US,1614818150,97,42.097,-79.2353,2.22,2.17
83,Khatanga,0,RU,1614818150,87,71.9667,102.5,-38.71,2.96
84,Manakara,80,MG,1614818151,90,-22.1333,48.0167,24.49,2.59
85,Srednekolymsk,100,RU,1614818151,85,67.45,153.6833,-31.72,7.87
86,Hirara,0,JP,1614818151,78,24.8,125.2833,22.0,3.6
87,New Norfolk,75,AU,1614818151,37,-42.7826,147.0587,22.0,11.32
88,Sawtell,90,AU,1614818151,78,-30.3833,153.1,21.11,3.09
89,Cape Town,75,ZA,1614818144,94,-33.9258,18.4232,20.0,5.66
90,East London,86,ZA,1614818152,85,-33.0153,27.9116,22.31,4.55
91,Saint-Philippe,0,RE,1614818040,78,-21.3585,55.7679,25.0,2.06
92,Grand Gaube,30,MU,1614818152,84,-20.0064,57.6608,23.89,4.69
93,Butaritari,37,KI,1614818134,81,3.0707,172.7902,27.52,7.16
94,Barrow,1,US,1614818152,69,71.2906,-156.7887,-27.0,3.6
95,Dingle,87,PH,1614818153,79,10.9995,122.6711,27.21,5.22
96,Hermanus,90,ZA,1614818012,89,-34.4187,19.2345,19.44,3.58
97,Nikolskoye,40,RU,1614818114,80,59.7035,30.7861,0.0,6.0
98,Coyhaique,20,CL,1614818119,67,-45.5752,-72.0662,16.0,1.54
99,Albany,90,US,1614818015,60,42.6001,-73.9662,4.0,3.6
100,Provincia di Imperia,0,IT,1614818154,100,43.9667,7.7833,10.0,1.43
101,Mirebalais,20,HT,1614818154,74,18.8333,-72.1053,27.0,3.6
102,Thohoyandou,0,ZA,1614818154,81,-22.9456,30.485,17.68,0.91
103,Alihe,100,CN,1614818123,93,50.5667,123.7167,-8.71,0.41
104,Beringovskiy,100,RU,1614818154,92,63.05,179.3167,-8.14,18.31
105,Bengkulu,85,ID,1614818154,75,-3.8004,102.2655,26.31,1.77
106,Clyde River,1,CA,1614818154,63,70.4692,-68.5914,-28.0,1.54
107,Kieta,79,PG,1614818155,76,-6.2167,155.6333,28.38,5.14
108,Saint Paul Harbor,20,US,1614818011,48,57.79,-152.4072,4.0,6.17
109,Buchanan,40,LR,1614818155,94,5.8808,-10.0467,26.0,2.89
110,Zeya,100,RU,1614818155,82,53.75,127.2667,-18.63,1.59
111,Tiksi,100,RU,1614818043,90,71.6872,128.8694,-24.6,4.71
112,George Town,20,MY,1614817889,94,5.4112,100.3354,26.67,1.03
113,Bedi,0,IN,1614818156,74,22.5,70.05,21.84,2.84
114,Chokurdakh,100,RU,1614818156,87,70.6333,147.9167,-29.6,5.32
115,Constitución,0,CL,1614818156,71,-35.3333,-72.4167,16.4,5.01
116,Kununurra,7,AU,1614818157,42,-15.7667,128.7333,31.0,2.97
117,Lebu,0,CL,1614818157,82,-37.6167,-73.65,16.21,7.33
118,Vestmannaeyjar,97,IS,1614818157,79,63.4427,-20.2734,4.19,9.21
119,Geraldton,75,AU,1614818157,88,-28.7667,114.6,22.0,5.14
120,Saint George,20,US,1614818098,10,37.1041,-113.5841,20.0,3.09
121,Tessalit,100,ML,1614818027,20,20.1986,1.0114,20.85,4.54
122,Ostrovnoy,100,RU,1614818158,94,68.0531,39.5131,-8.53,6.12
123,Pisco,40,PE,1614818072,73,-13.7,-76.2167,25.0,8.23
124,Puerto Escondido,20,MX,1614818044,78,15.85,-97.0667,27.0,0.78
125,Leningradskiy,100,RU,1614818012,86,69.3833,178.4167,-25.12,8.24
126,Władysławowo,0,PL,1614818158,87,54.7909,18.4009,3.0,3.6
127,Makakilo City,1,US,1614818041,44,21.3469,-158.0858,27.0,5.14
128,Vaini,75,TO,1614818158,89,-21.2,-175.2,27.0,2.57
129,Sampit,73,ID,1614818159,68,-2.5333,112.95,28.03,0.76
130,Souillac,75,MU,1614818070,94,-20.5167,57.5167,24.0,1.03
131,Acapulco de Juárez,40,MX,1614818159,74,16.8634,-99.8901,28.0,2.57
132,Ilulissat,43,GL,1614818159,74,69.2167,-51.1,-2.0,4.63
133,Hualmay,59,PE,1614818068,73,-11.0964,-77.6139,22.94,2.98
134,Halifax,1,CA,1614818159,55,44.6453,-63.5724,0.0,9.77
135,Stepnyak,100,KZ,1614818160,97,52.8339,70.7803,-2.72,8.48
136,Royan,90,FR,1614818160,82,45.6285,-1.0281,11.0,1.35
137,Bambous Virieux,75,MU,1614818160,94,-20.3428,57.7575,24.0,1.03
138,Port Blair,40,IN,1614818091,83,11.6667,92.75,25.0,1.03
139,Coari,100,BR,1614818160,98,-4.085,-63.1414,22.19,0.88
140,Ormara,0,PK,1614818161,73,25.2088,64.6357,23.5,3.5
141,Punta Alta,1,AR,1614818161,63,-38.8759,-62.0736,25.21,5.08
142,Rawlins,1,US,1614818161,26,41.7911,-107.2387,7.0,4.12
143,Kapaa,20,US,1614818162,60,22.0752,-159.319,24.0,8.75
144,Pineville,1,US,1614817892,51,31.3224,-92.4343,16.0,2.57
145,Kayerkan,26,RU,1614818162,72,69.3497,87.7602,-30.14,4.34
146,Tuktoyaktuk,75,CA,1614818163,69,69.4541,-133.0374,-29.0,2.57
147,Wanganui,85,NZ,1614818163,72,-39.9333,175.05,21.67,1.79
148,São Filipe,2,CV,1614818163,79,14.8961,-24.4956,21.46,5.45
149,Sitka,75,US,1614818163,87,57.0531,-135.33,4.0,2.06
150,Ixtapa,1,MX,1614818164,73,20.7,-105.2,24.0,3.6
151,Arak,0,IR,1614818164,74,34.0917,49.6892,3.24,1.1
152,Berezovyy,91,RU,1614818164,82,51.6667,135.7,-9.3,0.27
153,Uyutnoye,0,UA,1614818164,64,45.1994,33.3014,2.78,2.2
154,Juegang,100,CN,1614818164,91,32.3174,121.1855,9.44,0.68
155,Bethel,1,US,1614818165,42,41.3712,-73.414,7.0,2.57
156,Kiryat Gat,85,IL,1614818165,100,31.61,34.7642,10.0,2.29
157,Vao,97,NC,1614818103,84,-22.6667,167.4833,26.36,5.81
158,Todos Santos,100,MX,1614818165,72,23.45,-110.2167,20.56,2.24
159,Conakry,0,GN,1614818165,83,9.538,-13.6773,28.0,3.09
160,Port Elizabeth,40,ZA,1614818166,88,-33.918,25.5701,19.0,4.63
161,Oskemen,75,KZ,1614818166,85,49.9565,82.6119,-15.0,3.0
162,Takoradze,26,GH,1614818080,89,4.8845,-1.7554,26.43,4.28
163,Saskylakh,71,RU,1614818030,80,71.9167,114.0833,-40.04,0.84
164,Lumeje,91,AO,1614818166,81,-11.55,20.7833,19.13,1.06
165,Khovd,0,MN,1614818167,62,48.0056,91.6419,-10.08,3.33
166,Lakes Entrance,47,AU,1614818167,54,-37.8811,147.981,21.11,1.34
167,Carnot,90,CF,1614818167,25,4.9409,15.8665,20.79,0.42
168,Broken Hill,0,AU,1614818168,30,-31.95,141.4333,20.0,4.12
169,Bourail,100,NC,1614818168,76,-21.5667,165.4833,25.77,1.43
170,Barrhead,90,GB,1614818168,87,55.7992,-4.3929,3.0,1.54
171,Port Hardy,90,CA,1614818168,87,50.6996,-127.4199,8.0,6.17
172,Nuevo Progreso,0,MX,1614818168,85,23.1667,-97.95,18.89,0.89
173,Wagga Wagga,0,AU,1614818168,49,-35.1167,147.3667,23.89,2.57
174,Miyako,23,JP,1614818169,63,39.6367,141.9525,6.01,5.14
175,Gizo Government Station,100,SB,1614818169,73,-8.103,156.8419,29.02,6.96
176,Muriaé,38,BR,1614818169,86,-21.1306,-42.3664,22.11,1.39
177,Sibiti,100,CG,1614818169,100,-3.6819,13.3499,20.98,0.36
178,Filingué,0,NE,1614818170,18,14.3521,3.3168,25.48,3.63
179,Princeton,1,US,1614817957,83,25.5384,-80.4089,25.56,6.17
180,Fonte Boa,99,BR,1614818170,92,-2.4959,-66.2662,23.24,1.24
181,Husavik,0,IS,1614818170,86,66.0449,-17.3389,-1.0,6.03
182,Nur,0,PL,1614818170,86,52.6683,22.3221,0.0,0.45
183,Jalu,0,LY,1614818039,59,29.0331,21.5482,9.67,3.79
184,Vila Franca do Campo,75,PT,1614818079,94,37.7167,-25.4333,16.0,6.69
185,Ahipara,15,NZ,1614818171,70,-35.1667,173.1667,22.08,4.21
186,Jiayuguan City,8,CN,1614818171,30,39.8167,98.3,1.19,3.4
187,Province of Mantua,67,IT,1614818171,87,45.1667,10.7833,5.56,2.06
188,Mahabalipuram,20,IN,1614818171,94,12.6264,80.1722,22.0,0.92
189,Padang,20,ID,1614818172,94,-0.9492,100.3543,23.0,1.03
190,Ha Tinh,99,VN,1614818172,87,18.3333,105.9,20.33,0.85
191,Nelson Bay,40,AU,1614818076,60,-32.7167,152.15,25.56,1.54
192,Mount Gambier,90,AU,1614818172,67,-37.8333,140.7667,16.0,6.69
193,Castro,100,BR,1614818125,97,-24.7911,-50.0119,17.37,1.77
194,Kavaratti,0,IN,1614818173,67,10.5669,72.642,27.52,1.23
195,Naberera,0,TZ,1614818173,95,-4.2,36.9333,15.99,1.91
196,Jacmel,20,HT,1614818173,74,18.2342,-72.5347,27.0,3.6
197,Daru,100,PG,1614818057,72,-9.0763,143.2092,27.94,5.81
198,Tateyama,91,JP,1614818173,50,34.9833,139.8667,10.56,1.34
199,Noumea,100,NC,1614818174,69,-22.2763,166.4572,28.89,1.03
200,Pires do Rio,100,BR,1614818174,92,-17.2997,-48.2794,20.25,2.0
201,Dunedin,97,NZ,1614818174,72,-45.8742,170.5036,13.33,9.39
202,Palauig,0,PH,1614818174,68,15.435,119.9045,27.9,0.95
203,Talara,20,PE,1614818175,74,-4.5772,-81.2719,28.0,4.12
204,San Quintín,1,MX,1614818092,66,30.4833,-115.95,15.51,4.78
205,Nizhniy Odes,100,RU,1614818175,96,63.6445,54.856,-10.99,2.89
206,Sinarades,0,GR,1614818175,76,39.5647,19.8458,7.0,1.03
207,Shenjiamen,100,CN,1614818176,95,29.9576,122.298,9.33,7.87
208,Bairiki Village,20,KI,1614818176,70,1.3292,172.9752,29.0,7.2
209,Ocampo,20,MX,1614818176,24,21.65,-101.5,18.05,1.76
210,Fresnillo,40,MX,1614818176,9,23.1667,-102.8833,26.0,5.66
211,Salalah,0,OM,1614818061,78,17.0151,54.0924,22.0,1.54
212,Yinchuan,27,CN,1614818176,49,38.4681,106.2731,5.65,0.29
213,Saint-François,0,FR,1614818153,93,46.4154,3.9054,3.89,1.03
214,Qaanaaq,80,GL,1614818123,79,77.484,-69.3632,-30.28,3.3
215,Carballo,0,ES,1614818177,100,43.213,-8.691,11.11,3.09
216,Boende,100,CD,1614818177,74,-0.2167,20.8667,24.05,1.07
217,San Patricio,75,US,1614818177,55,28.017,-97.5169,17.0,6.17
218,Napier City,100,NZ,1614818178,82,-39.4833,176.9167,21.67,3.81
219,Springbok,0,ZA,1614818178,56,-29.6643,17.8865,16.92,0.54
220,Talnakh,26,RU,1614818178,72,69.4865,88.3972,-30.98,4.44
221,Jamkhed,0,IN,1614818178,22,18.7362,75.3121,21.19,2.31
222,Puksoozero,93,RU,1614818178,97,62.5903,40.6066,-11.02,2.65
223,Yellowknife,40,CA,1614818179,65,62.456,-114.3525,-18.0,4.63
224,Airai,5,TL,1614818150,80,-8.9266,125.4092,21.49,1.14
225,Henties Bay,0,NA,1614818179,88,-22.116,14.2845,18.89,1.79
226,Byron Bay,90,AU,1614818179,78,-28.65,153.6167,22.0,2.06
227,Jiuquan,31,CN,1614818180,65,39.7432,98.5174,1.94,2.28
228,La Rioja,90,ES,1614817900,93,42.25,-2.5,9.44,2.3
229,Mandurah,90,AU,1614818180,89,-32.55,115.7,22.22,0.89
230,Antofagasta,40,CL,1614817931,83,-23.65,-70.4,20.0,4.12
231,Kirakira,100,SB,1614818026,86,-10.4544,161.9205,26.41,6.3
232,Pincher Creek,1,CA,1614818180,32,49.4833,-113.952,11.0,7.72
233,Whakatane,100,NZ,1614818180,92,-37.9585,176.9854,21.67,1.34
234,Hervey Bay,1,AU,1614818181,57,-25.2986,152.8535,28.89,3.13
235,Cabo San Lucas,75,MX,1614818023,16,22.8909,-109.9124,28.0,1.54
236,Torbay,90,CA,1614818072,93,47.6666,-52.7314,-4.44,5.14
237,Broome,90,US,1614818181,65,42.2506,-75.833,3.0,4.12
238,Gubkinskiy,100,RU,1614818181,95,64.434,76.5026,-12.4,6.74
239,Seoul,90,KR,1614817918,75,37.5683,126.9778,5.0,1.03
240,Rocha,97,UY,1614818182,91,-34.4833,-54.3333,21.36,3.76
241,Lafiagi,81,NG,1614818182,19,8.8667,5.4167,25.77,0.47
242,Matata,100,NZ,1614818182,88,-37.8833,176.75,21.67,1.34
243,Luwuk,100,ID,1614818182,69,-0.9516,122.7875,27.8,3.01
244,Vaasa,0,FI,1614818183,86,63.096,21.6158,-5.0,2.57
245,Nuuk,75,GL,1614818081,52,64.1835,-51.7216,5.0,1.54
246,Walvis Bay,0,NA,1614818002,88,-22.9575,14.5053,18.89,1.79
247,Pevek,100,RU,1614818183,68,69.7008,170.3133,-15.91,1.29
248,Jaguaruana,100,BR,1614818183,82,-4.8339,-37.7811,25.76,3.5
249,Victoria Point,90,AU,1614818183,88,-27.5833,153.3,23.89,4.12
250,Nehe,100,CN,1614818184,94,48.4833,124.8333,-7.99,1.9
251,Port Lincoln,0,AU,1614818171,64,-34.7333,135.8667,18.63,6.01
252,Corowa,0,AU,1614818184,43,-36.0333,146.3833,21.67,1.34
253,Havre-St-Pierre,90,CA,1614818184,67,50.2334,-63.5986,-9.0,9.26
254,Ushtobe,94,KZ,1614818184,94,45.2514,77.9838,-2.57,4.3
255,Sioux Lookout,40,CA,1614818184,53,50.1001,-91.917,-6.0,1.24
256,Esperance,90,AU,1614818044,88,-33.8667,121.9,18.0,5.14
257,Columbus,1,US,1614818005,54,39.9612,-82.9988,11.11,5.14
258,Mulegé,0,MX,1614818185,34,26.8833,-111.9833,22.65,2.08
259,Torbat-e Jām,0,IR,1614818185,57,35.244,60.6225,7.89,0.46
260,Bagdarin,0,RU,1614818185,76,54.4333,113.6,-26.01,2.43
261,Belmonte,0,BR,1614818185,73,-15.8631,-38.8828,26.0,3.6
262,Minna,0,NG,1614818185,20,9.6139,6.5569,31.0,8.23
263,Cap Malheureux,24,MU,1614818019,84,-19.9842,57.6142,23.89,0.45
264,Herre,68,NO,1614818186,95,59.1,9.5667,2.22,0.45
265,Kresttsy,100,RU,1614818186,95,58.2452,32.5165,-0.1,3.9
266,Newport,90,GB,1614818186,93,51.5877,-2.9984,7.78,3.79
267,Haines Junction,100,CA,1614818186,46,60.7522,-137.5108,-4.0,3.09
268,Yelizovo,75,RU,1614818187,48,53.1873,158.3805,-9.0,8.0
269,Namatanai,79,PG,1614818187,75,-3.6667,152.4333,27.65,1.8
270,Riverton,1,US,1614818187,47,40.5219,-111.9391,13.89,4.63
271,Makkah al Mukarramah,0,SA,1614817906,68,21.4267,39.8261,20.45,1.72
272,Trairi,57,BR,1614818188,83,-3.2778,-39.2689,26.11,3.82
273,Taltal,0,CL,1614818070,76,-25.4,-70.4833,19.52,2.11
274,Kendari,100,ID,1614818188,82,-3.945,122.4989,27.33,1.6
275,Thinadhoo,17,MV,1614818188,65,0.5333,72.9333,27.87,4.84
276,Beihai,100,CN,1614818188,92,21.4833,109.1,20.32,4.55
277,Kudahuvadhoo,8,MV,1614818189,67,2.6708,72.8944,27.22,5.81
278,Xichang,22,CN,1614818189,40,27.8964,102.2634,12.78,0.5
279,Pasni,0,PK,1614818189,63,25.2631,63.471,22.84,4.32
280,Solton,29,RU,1614818190,92,52.8429,86.4787,-15.78,1.52
281,Parabel',100,RU,1614818190,92,58.6978,81.4825,-12.29,5.16
282,Dwārka,0,IN,1614818190,82,22.2394,68.9678,22.81,4.25
283,The Valley,20,AI,1614818191,78,18.217,-63.0578,25.0,5.14
284,Tamandaré,4,BR,1614818191,86,-8.7597,-35.1047,25.26,3.97
285,Macheng,0,CN,1614818191,64,31.1783,115.0319,10.56,1.54
286,Guerrero Negro,0,MX,1614818191,59,27.9769,-114.0611,17.55,7.38
287,Odienné,78,CI,1614818191,48,9.51,-7.5692,28.18,0.91
288,Barra de Tecoanapa,5,MX,1614818192,71,16.5167,-98.75,25.55,1.51
289,Tolaga Bay,100,NZ,1614818192,69,-38.3667,178.3,22.98,4.12
290,Águilas,58,ES,1614818192,79,37.4063,-1.5829,12.78,0.89
291,Tashkent,40,UZ,1614818103,76,41.2646,69.2163,8.0,3.09
292,Erenhot,2,CN,1614818192,87,43.6475,111.9767,-0.94,4.03
293,Naryan-Mar,98,RU,1614818193,95,67.6713,53.087,-13.64,3.96
294,Waddān,0,LY,1614818193,57,29.1614,16.139,11.23,6.61
295,Aswān,0,EG,1614818193,48,24.0934,32.907,12.17,6.67
296,Chizhou,0,CN,1614818193,74,30.6578,117.4831,10.87,1.91
297,Abhā,0,SA,1614818194,82,18.2164,42.5053,14.0,1.93
298,Camabatela,100,AO,1614818194,99,-8.1881,15.375,18.53,0.61
299,Udachny,0,RU,1614818194,79,66.4167,112.4,-36.4,1.46
300,Jumla,0,NP,1614818194,71,29.2747,82.1838,2.39,1.44
301,Lavrentiya,100,RU,1614818194,86,65.5833,-171.0,-25.08,1.32
302,Ust'-Barguzin,94,RU,1614818195,87,53.45,108.9833,-22.57,0.73
303,Dauphin,1,CA,1614818195,80,51.1494,-100.0502,-1.0,1.54
304,Cayenne,75,GF,1614818151,89,4.9333,-52.3333,26.11,5.61
305,Chiang Khong,20,TH,1614818195,100,20.2613,100.4046,17.0,1.03
306,Mambajao,80,PH,1614818196,71,9.2504,124.7156,27.12,5.27
307,Yulara,84,AU,1614818057,19,-25.2406,130.9889,32.0,10.29
308,Xai-Xai,35,MZ,1614818196,90,-25.0519,33.6442,21.6,2.11
309,Ust-Nera,100,RU,1614818196,94,64.5667,143.2,-32.91,1.97
310,Bairnsdale,33,AU,1614817965,54,-37.8333,147.6167,21.11,1.34
311,Cockburn Town,0,TC,1614818166,81,21.4612,-71.1419,24.91,5.76
312,Rāwah,61,IQ,1614818196,46,34.4816,41.9093,15.94,7.38
313,Winnemucca,1,US,1614818197,17,40.973,-117.7357,14.0,1.43
314,Altay,0,CN,1614818197,72,47.8667,88.1167,-14.61,2.43
315,Guiyang,90,CN,1614818197,93,26.5833,106.7167,7.0,1.0
316,Tuatapere,92,NZ,1614818197,54,-46.1333,167.6833,16.67,2.24
317,Neuquén,40,AR,1614818198,73,-38.9516,-68.0591,24.0,5.69
318,Richards Bay,0,ZA,1614818198,88,-28.783,32.0377,19.95,1.65
319,Iracoubo,97,GF,1614818198,86,5.4802,-53.2011,25.33,5.33
320,Flinders,2,AU,1614818198,60,-34.5833,150.8552,23.89,2.68
321,Gobabis,0,NA,1614818198,62,-22.45,18.9667,18.52,6.09
322,Vilyuysk,100,RU,1614818199,84,63.7553,121.6247,-31.23,3.99
323,Ateli Mandi,0,IN,1614818199,26,28.1,76.2833,17.59,2.33
324,Madaba Governorate,89,JO,1614818199,87,31.5833,35.6667,7.0,1.03
325,Oshakati,0,NA,1614818200,56,-17.7833,15.6833,22.0,0.51
326,Lincoln,1,US,1614818200,31,40.8,-96.667,16.0,4.63
327,Kruisfontein,0,ZA,1614818200,92,-34.0033,24.7314,17.22,0.89
328,Chanute,1,US,1614818200,24,37.6792,-95.4572,18.0,3.6
329,Kaitangata,0,NZ,1614818023,45,-46.2817,169.8464,18.33,0.78
330,Kailua,20,US,1614818173,64,21.4022,-157.7394,26.0,6.69
331,Colac,100,AU,1614818201,1,-38.3333,143.5833,15.0,1.34
332,Emba,100,KZ,1614818201,98,48.8264,58.1442,-2.93,6.62
333,Brigantine,1,US,1614818201,39,39.4101,-74.3646,8.0,2.06
334,Iqaluit,90,CA,1614818127,77,63.7506,-68.5145,-21.0,10.8
335,Qui Nhon,49,VN,1614818201,77,13.7667,109.2333,24.52,3.19
336,Mogadishu,27,SO,1614818201,81,2.0371,45.3438,25.66,8.6
337,Andenes,75,NO,1614818202,80,69.3143,16.1194,-2.0,10.48
338,Te Anau,50,NZ,1614818202,43,-45.4167,167.7167,14.98,3.76
339,Port Hedland,23,AU,1614818012,78,-20.3167,118.5667,28.0,4.12
340,Carutapera,94,BR,1614818069,94,-1.195,-46.02,24.14,2.6
341,Hobyo,5,SO,1614818202,79,5.3505,48.5268,25.64,7.9
342,Okha,68,RU,1614818203,91,53.5739,142.9478,-13.44,4.03
343,Verkhnyaya Inta,100,RU,1614818203,96,65.9811,60.3094,-10.57,1.98
344,San Lorenzo,90,PY,1614818203,100,-25.3333,-57.5333,23.0,1.03
345,Norman Wells,20,CA,1614818047,59,65.282,-126.8329,-22.0,1.03
346,Kletskaya,0,RU,1614818203,86,49.3145,43.0584,-2.78,0.45
347,Liwale,100,TZ,1614818204,97,-9.7667,37.9333,20.32,1.76
348,Kidal,15,ML,1614818204,17,18.4411,1.4078,24.43,4.96
349,La Santisima Trinidad,90,BO,1614818204,83,-14.8333,-64.9,28.0,2.06
350,Santander,2,ES,1614818204,93,43.4647,-3.8044,11.67,2.06
351,Ayagoz,4,KZ,1614818205,93,47.9714,80.4392,-17.09,1.99
352,Moose Factory,40,CA,1614818205,71,51.2585,-80.6094,-18.0,2.57
353,Vitim,89,RU,1614818205,96,59.4511,112.5578,-32.13,1.12
354,Unity,0,CA,1614818205,96,52.4501,-109.1682,-3.39,3.5
355,Pedasí,0,PA,1614818205,70,7.5333,-80.0333,26.48,8.64
356,Camaçari,40,BR,1614818206,65,-12.6975,-38.3242,28.0,4.63
357,Panzhihua,0,CN,1614818206,61,26.5851,101.7128,9.44,0.4
358,Zhezkazgan,0,KZ,1614818206,94,47.8043,67.7144,-9.59,4.39
359,Ambon City,20,ID,1614818206,65,-3.6954,128.1814,29.0,5.14
360,Margate,100,GB,1614818206,91,51.3813,1.3862,7.78,3.07
361,Levittown,1,US,1614818128,42,40.1551,-74.8288,8.0,2.55
362,Cam Ranh,40,VN,1614818207,78,11.9214,109.1591,26.0,1.54
363,Jūrmala,90,LV,1614818207,93,56.968,23.7704,1.0,2.06
364,Sfântu Gheorghe,13,RO,1614818207,96,45.8667,25.7833,-3.89,17.43
365,Lompoc,90,US,1614818207,67,34.6391,-120.4579,13.0,3.6
366,Pangnirtung,90,CA,1614818207,77,66.1451,-65.7125,-20.0,3.09
367,Boa Vista,40,BR,1614818149,73,2.8197,-60.6733,26.0,5.66
368,Port-Gentil,20,GA,1614818018,89,-0.7193,8.7815,28.0,3.6
369,Huarmey,93,PE,1614818088,75,-10.0681,-78.1522,23.28,3.68
370,Pierre,1,US,1614818017,25,44.3683,-100.351,16.0,2.06
371,Buraidah,0,SA,1614818208,48,26.326,43.975,18.0,5.14
372,Hastings,100,GB,1614818208,93,50.8552,0.5729,6.67,0.45
373,Santa Vitória do Palmar,100,BR,1614818209,88,-33.5189,-53.3681,22.32,4.18
374,Emerald,40,AU,1614818199,48,-23.5333,148.1667,31.0,4.63
375,Codrington,100,AU,1614818209,71,-38.2667,141.9667,16.4,6.27
376,Tonneins,0,FR,1614818209,93,44.3921,0.3124,8.89,2.06
377,Aklavik,100,CA,1614818209,63,68.2191,-135.0107,-27.0,2.57
378,Chapais,20,CA,1614818209,66,49.7834,-74.8492,-17.0,3.6
379,Brae,90,GB,1614818210,69,60.3964,-1.353,2.0,5.66
380,Yar-Sale,100,RU,1614818210,95,66.8333,70.8333,-14.88,4.21
381,Poum,100,NC,1614818210,83,-20.2333,164.0167,25.09,3.37
382,Luganville,100,VU,1614818210,91,-15.5333,167.1667,25.23,6.38
383,Egvekinot,100,RU,1614818211,88,66.3167,-179.1667,-19.88,3.32
384,Boca do Acre,54,BR,1614818211,96,-8.7522,-67.3978,22.6,1.19
385,Alofi,75,NU,1614818211,79,-19.0595,-169.9187,29.0,4.63
386,Bathsheba,40,BB,1614818211,69,13.2167,-59.5167,26.0,7.72
387,Uauá,0,BR,1614818211,74,-9.8414,-39.4817,23.82,7.63
388,Alugan,35,PH,1614818212,84,12.2188,125.4808,26.52,5.92
389,Bakchar,100,RU,1614818212,96,57.0186,82.0711,-11.26,5.16
390,Palmer,75,US,1614818042,45,42.1584,-72.3287,5.0,4.63
391,Klaksvík,82,FO,1614818021,74,62.2266,-6.589,-1.0,3.09
392,Boshnyakovo,100,RU,1614818212,95,49.6333,142.1667,-2.25,8.17
393,Kautokeino,65,NO,1614818213,91,69.0125,23.0412,-11.44,4.75
394,Pitelino,99,RU,1614818213,92,54.5777,41.8145,-2.34,7.07
395,Khandyga,100,RU,1614818213,86,62.6667,135.6,-27.87,1.0
396,Zdvinsk,100,RU,1614818213,92,54.7021,78.661,-8.52,7.56
397,Bilma,0,NE,1614818213,22,18.6853,12.9164,19.12,4.06
398,Moree,40,AU,1614818213,44,-29.4667,149.85,27.0,4.63
399,Blackfoot,1,US,1614817983,46,43.1905,-112.345,8.0,5.14
400,Reshetylivka,0,UA,1614818214,88,49.565,34.0782,-0.3,4.41
401,Port Macquarie,42,AU,1614818214,71,-31.4333,152.9167,24.44,1.79
402,Belyy Yar,34,RU,1614818214,92,53.6039,91.3903,-15.0,2.0
403,Yuancheng,98,CN,1614818214,62,36.652,107.7896,5.98,1.32
404,Stephenville,1,US,1614818215,28,32.2207,-98.2023,20.0,2.57
405,Vila Velha,20,BR,1614818215,88,-20.3297,-40.2925,25.0,2.57
406,Los Llanos de Aridane,75,ES,1614818215,63,28.6585,-17.9182,18.0,3.6
407,Oussouye,0,SN,1614818215,83,12.485,-16.5469,24.0,3.09
408,Havøysund,75,NO,1614818216,86,70.9963,24.6622,-4.0,9.26
409,Avera,1,US,1614818216,82,33.194,-82.5271,12.0,0.92
410,Sistranda,20,NO,1614818216,80,63.7256,8.834,0.0,6.17
411,Ruteng,91,ID,1614818217,69,-8.6136,120.4721,23.16,0.78
412,Mount Darwin,96,ZW,1614818217,93,-16.7725,31.5838,18.93,1.18
413,Portel,100,BR,1614817917,95,-1.9356,-50.8211,23.61,1.95
414,Sabha,0,LY,1614818217,39,27.0377,14.4283,13.35,8.24
415,Praia da Vitória,40,PT,1614818217,72,38.7333,-27.0667,16.0,4.75
416,Cody,1,US,1614818218,23,44.5263,-109.0565,9.0,4.63
417,Sukumo,99,JP,1614818218,72,32.9333,132.7333,12.91,3.3
418,Isangel,89,VU,1614818218,78,-19.55,169.2667,28.01,8.74
419,Bowmore,1,US,1614818219,43,34.9421,-79.3031,12.0,2.04
420,Bowen,75,AU,1614818219,74,-20.0167,148.2333,28.0,8.75
421,Sørland,100,NO,1614818214,79,67.667,12.6934,1.7,12.14
422,Beloha,1,MG,1614818219,96,-25.1667,45.05,21.76,0.92
423,Yeniseysk,100,RU,1614818219,90,58.4497,92.1703,-22.16,4.04
424,Labuhan,100,ID,1614818039,79,-6.8844,112.2051,27.1,2.16
425,Albanel,0,CA,1614818121,61,48.8832,-72.4487,-13.0,4.63
426,Sardārshahr,0,IN,1614818220,19,28.4333,74.4833,22.07,4.2
427,Voyvozh,100,RU,1614818220,97,62.892,54.9635,-10.75,2.85
428,Grindavik,75,IS,1614818096,93,63.8424,-22.4338,3.0,9.77
429,Dullewala,0,PK,1614818220,27,31.8359,71.4362,16.58,3.42
430,Viedma,100,AR,1614818220,77,-40.8135,-62.9967,22.49,2.16
431,Zhangaözen,83,KZ,1614818221,94,43.3,52.8,0.52,5.57
432,Ribeira Brava,30,PT,1614818221,79,32.65,-17.0667,15.0,1.79
433,São José da Coroa Grande,4,BR,1614818221,85,-8.8978,-35.1478,25.4,4.31
434,Chiredzi,39,ZW,1614818221,94,-21.05,31.6667,18.93,0.84
435,Iquique,0,CL,1614817975,64,-20.2208,-70.1431,24.0,6.69
436,Touros,20,BR,1614818222,83,-5.1989,-35.4608,26.0,2.57
437,Eyl,28,SO,1614818222,83,7.9803,49.8164,23.38,4.81
438,La Ronge,99,CA,1614818222,69,55.1001,-105.2842,-1.0,1.54
439,Raudeberg,99,NO,1614818222,92,61.9875,5.1352,0.0,10.57
440,Mossamedes,0,AO,1614818174,82,-15.1961,12.1522,23.55,2.93
441,Ushibukamachi,100,JP,1614818223,64,32.1906,130.0228,12.2,4.2
442,Zhangye,71,CN,1614818223,63,38.9342,100.4517,2.16,3.08
443,Kifrī,0,IQ,1614818223,41,34.6959,44.9661,14.35,3.61
444,Pimentel,0,PE,1614818223,69,-6.8367,-79.9342,25.0,7.72
445,Rudnogorsk,0,RU,1614818223,86,57.2639,103.7519,-32.88,0.63
446,Horsham,75,GB,1614818224,100,51.064,-0.3272,7.78,2.06
447,Mbuji-Mayi,95,CD,1614818224,91,-6.15,23.6,20.92,0.55
448,Novato,1,US,1614818224,48,38.1074,-122.5697,16.0,7.72
449,Wembley,75,AU,1614818224,83,-31.9333,115.8,23.33,4.63
450,Marabu,40,MY,1614818225,89,4.4148,114.0089,27.0,2.11
451,Kumul,100,CN,1614818139,50,42.8,93.45,1.95,4.46
452,Moquegua,100,PE,1614818225,83,-17.1956,-70.9353,18.74,2.14
453,Troitsko-Pechorsk,97,RU,1614818225,97,62.7084,56.1964,-9.96,1.93
454,Baião,100,BR,1614818226,98,-2.7906,-49.6717,23.2,1.12
455,Mednogorsk,97,RU,1614818226,98,51.4128,57.595,-8.98,4.65
456,Livny,35,RU,1614818226,97,52.4253,37.6069,-2.83,6.53
457,Jolalpan,0,MX,1614818226,27,18.325,-98.8417,28.69,0.79
458,Moerai,100,PF,1614818227,71,-22.4333,-151.3333,26.84,3.53
459,Nago,75,JP,1614818227,68,26.5881,127.9761,20.0,5.66
460,Grand-Santi,100,GF,1614818227,96,4.25,-54.3833,23.1,1.42
461,Karratha,9,AU,1614818227,61,-20.7377,116.8463,27.54,2.83
462,Esso,96,RU,1614818228,81,55.9333,158.7,-18.91,12.27
463,Vila,100,PT,1614818228,92,42.0304,-8.1588,9.44,0.45
464,Entre Rios,0,BR,1614818228,95,-11.9419,-38.0844,21.82,1.6
465,Natal,20,BR,1614818024,78,-5.795,-35.2094,27.0,4.63
466,Fairbanks,90,US,1614818206,78,64.8378,-147.7164,-16.11,1.37
467,Shakiso,27,ET,1614818228,48,5.75,38.9167,15.33,2.35
468,Puerto Baquerizo Moreno,70,EC,1614818229,81,-0.9,-89.6,26.25,2.19
469,Sovetskiy,37,RU,1614818229,96,61.3614,63.5842,-13.28,2.31
470,Mandalgovi,100,MN,1614818229,56,45.7625,106.2708,-3.84,5.65
471,Balikpapan,72,ID,1614818180,86,-1.2675,116.8289,25.86,2.12
472,Prince Rupert,90,CA,1614818229,87,54.3161,-130.3201,5.0,4.63
473,Kiama,50,AU,1614818230,58,-34.6833,150.8667,23.89,2.24
474,Hay River,95,CA,1614818230,65,60.8156,-115.7999,-18.0,1.54
475,Micheweni,82,TZ,1614818130,78,-4.9667,39.8333,26.81,5.1
476,Ucluelet,90,CA,1614818041,70,48.9329,-125.5528,7.78,4.63
477,Wanaka,59,NZ,1614818230,48,-44.7,169.15,15.88,3.37
478,Narsaq,75,GL,1614818204,34,60.9167,-46.05,8.0,20.06
479,Kodinsk,57,RU,1614818102,84,58.6881,99.1844,-31.87,1.53
480,Rio Grande,100,BR,1614818231,92,-32.035,-52.0986,23.89,5.13
481,Batemans Bay,0,AU,1614818231,65,-35.7167,150.1833,21.67,0.89
482,Aras,90,ES,1614818231,93,42.5617,-2.356,9.44,1.36
483,Hofn,93,IS,1614818231,90,64.2539,-15.2082,0.49,2.84
484,Togur,100,RU,1614818231,95,58.3631,82.8265,-12.78,5.72
485,Tautira,20,PF,1614818232,66,-17.7333,-149.15,31.0,3.09
486,Eilat,0,IL,1614818232,58,29.5581,34.9482,14.0,2.06
487,Aykhal,0,RU,1614818232,83,66.0,111.5,-34.73,1.45
488,Letka,100,RU,1614818232,97,59.6011,49.4232,-8.96,1.71
489,Shubarshi,99,KZ,1614818233,98,48.5872,57.1869,-2.43,6.02
490,Ávato,0,GR,1614818233,75,40.9667,24.8,9.44,2.57
491,Lata,100,PT,1614818037,89,40.1629,-8.3327,14.44,0.74
492,Minador do Negrão,2,BR,1614818233,79,-9.3053,-36.8647,23.18,4.24
493,Clearlake,41,US,1614818234,39,38.9582,-122.6264,16.67,0.45
494,Belaya Gora,100,RU,1614818234,84,68.5333,146.4167,-32.91,4.44
495,Ostroveni,0,RO,1614818234,80,43.8,23.9,5.56,1.54
496,Maniitsoq,100,GL,1614818234,82,65.4167,-52.9,0.81,3.16
497,Ampanihy,0,MG,1614818235,90,-24.7,44.75,21.81,1.19
498,St. George's,20,GD,1614818235,73,12.0564,-61.7485,26.0,5.66
499,Marovoay,40,MG,1614818125,89,-16.1,46.6333,26.0,1.54
500,Umluj,0,SA,1614818235,57,25.0213,37.2685,19.35,3.73
501,Kermen,1,BG,1614818235,100,42.5,26.25,2.0,1.03
502,Lagoa,100,PT,1614818236,93,39.05,-27.9833,15.83,10.05
503,Deputatsky,100,RU,1614818236,96,69.3,139.9,-33.49,2.39
504,Nokaneng,9,BW,1614818236,67,-19.6667,22.2667,19.15,1.82
505,Burgeo,99,CA,1614818236,87,47.6167,-57.6152,-6.52,10.27
506,Mingora,94,PK,1614818113,39,34.7758,72.3625,13.44,2.26
507,Zyryanskoye,100,RU,1614818236,88,56.8306,86.6258,-12.51,5.98
508,Yangi Marg`ilon,73,UZ,1614818237,61,40.4272,71.7189,7.0,2.06
509,Yemel'yanovo,40,RU,1614818237,77,56.1681,92.6767,-20.0,1.58
510,Shcheglovo,0,RU,1614818237,87,60.0284,30.7529,-0.56,3.72
511,Ekibastuz,100,KZ,1614818237,93,51.6667,75.3667,-6.07,10.17
512,Yizheng,100,CN,1614818238,94,24.6706,103.4296,9.57,3.96
513,Muros,100,ES,1614818213,88,42.7762,-9.0603,11.11,2.96
514,Imeni Poliny Osipenko,100,RU,1614818238,92,52.4201,136.4853,-13.5,1.97
515,Jinchang,98,CN,1614818238,54,38.4953,102.1739,3.9,1.71
516,Bāglung,0,NP,1614818239,42,28.2719,83.5898,10.94,2.26
517,Lovozero,100,RU,1614818239,96,68.005,35.0117,-8.63,4.17
518,Terrace,90,CA,1614818170,100,54.5163,-128.6035,0.0,1.03
519,Vostok,100,RU,1614818062,98,46.4856,135.8833,-1.31,4.07
520,Warwick,20,US,1614818229,42,41.7001,-71.4162,6.0,2.57
521,Masterton,89,NZ,1614818239,70,-40.9597,175.6575,21.11,3.13
522,Sena Madureira,91,BR,1614818188,94,-9.0656,-68.6569,22.87,1.23
523,Iquitos,40,PE,1614818240,94,-3.7481,-73.2472,25.0,1.03
524,Meulaboh,0,ID,1614818240,76,4.1363,96.1285,25.25,1.08
525,Oistins,40,BB,1614818150,69,13.0667,-59.5333,26.0,7.72
526,Atar,100,MR,1614818240,21,20.5169,-13.0499,20.61,4.52
527,Campo Verde,40,BR,1614818240,78,-20.4167,-54.0667,25.0,3.09
528,Lyubech,36,UA,1614818241,97,51.7026,30.6569,-0.82,4.48
529,Muzhi,100,RU,1614818241,94,65.3667,64.6667,-15.51,1.01
530,Savannah Bight,75,HN,1614818241,74,16.45,-85.85,27.0,3.6
531,Malacca,20,MY,1614818241,83,2.196,102.2405,26.0,1.54
532,Lorengau,77,PG,1614818015,72,-2.0226,147.2712,29.01,6.11
533,Şuraabad,40,AZ,1614818242,75,40.8192,49.4687,6.0,10.29
534,Serenje,100,ZM,1614818242,97,-13.2325,30.2352,16.53,0.54
535,Tiznit Province,11,MA,1614818242,69,29.5833,-9.5,14.45,0.33
536,Chapleau,90,CA,1614818242,79,47.8405,-83.4034,-9.0,5.14
537,Warrnambool,100,AU,1614818086,91,-38.3833,142.4833,15.56,1.34
538,Lake Shasta,1,US,1614818243,14,40.6804,-122.3708,23.0,3.6
539,Marrakesh,100,MA,1614818243,72,31.6315,-8.0083,14.0,2.06
540,Qaqortoq,75,GL,1614818243,34,60.7167,-46.0333,8.0,20.06
541,Nikel,75,RU,1614818244,80,69.4128,30.222,-4.0,9.26
